timestamp,source_ip,destination_ip,source_port,destination_port,protocol,length,flags,rule_based_alert
1760980850.8474104,40.79.150.120,192.168.1.9,443,1838,6,54,,0
1760980850.8487115,40.79.150.120,192.168.1.9,443,1838,6,153,,0
1760980850.8496583,192.168.1.9,40.79.150.120,1838,443,6,801,,0
1760980850.9319875,40.79.150.120,192.168.1.9,443,1835,6,157,,0
1760980850.933322,40.79.150.120,192.168.1.9,443,1835,6,54,,0
1760980850.9346793,40.79.150.120,192.168.1.9,443,1835,6,519,,0
1760980850.935321,192.168.1.9,40.79.150.120,1835,443,6,54,,0
1760980850.9360065,192.168.1.9,40.79.150.120,1835,443,6,78,,0
1760980850.9365315,192.168.1.9,40.79.150.120,1835,443,6,54,,0
1760980851.067941,40.79.150.120,192.168.1.9,443,1838,6,1506,,0
1760980851.068704,40.79.150.120,192.168.1.9,443,1838,6,1506,,0
1760980851.0692747,40.79.150.120,192.168.1.9,443,1838,6,1506,,0
1760980851.0698204,40.79.150.120,192.168.1.9,443,1838,6,1506,,0
1760980851.0702717,40.79.150.120,192.168.1.9,443,1838,6,610,,0
1760980851.0706277,192.168.1.9,40.79.150.120,1838,443,6,54,,0
1760980851.0710464,192.168.1.9,40.79.150.120,1838,443,6,128,,0
1760980851.0714269,192.168.1.9,40.79.150.120,1838,443,6,146,,0
1760980851.0719097,192.168.1.9,40.79.150.120,1838,443,6,544,,0
1760980851.0723338,192.168.1.9,40.79.150.120,1838,443,6,1494,,0
1760980851.0727453,192.168.1.9,40.79.150.120,1838,443,6,1494,,0
1760980851.0731275,192.168.1.9,40.79.150.120,1838,443,6,1494,,0
1760980851.073715,192.168.1.9,40.79.150.120,1838,443,6,1494,,0
1760980851.074215,192.168.1.9,40.79.150.120,1838,443,6,775,,0
1760980851.1492996,40.79.150.120,192.168.1.9,443,1835,6,54,,0
1760980851.2894816,40.79.150.120,192.168.1.9,443,1838,6,54,,0
1760980851.290362,40.79.150.120,192.168.1.9,443,1838,6,54,,0
1760980851.2909696,40.79.150.120,192.168.1.9,443,1838,6,54,,0
1760980851.2913923,40.79.150.120,192.168.1.9,443,1838,6,54,,0
1760980851.309356,40.79.150.120,192.168.1.9,443,1838,6,157,,0
1760980851.3189912,40.79.150.120,192.168.1.9,443,1838,6,116,,0
1760980851.3200178,192.168.1.9,40.79.150.120,1838,443,6,54,,0
1760980851.3207932,192.168.1.9,40.79.150.120,1838,443,6,85,,0
1760980851.5528064,40.79.150.120,192.168.1.9,443,1838,6,366,,0
1760980851.6080978,192.168.1.9,40.79.150.120,1838,443,6,54,,0
1760980852.0605185,57.144.169.33,192.168.1.9,443,23999,6,116,,0
1760980852.1012712,192.168.1.9,57.144.169.33,23999,443,6,112,,0
1760980852.1053772,57.144.169.33,192.168.1.9,443,23999,6,54,,0
1760980852.7128973,192.168.1.9,44.225.111.252,20028,443,6,66,S,0
1760980852.774626,192.168.1.9,216.24.57.251,1834,443,6,54,,0
1760980852.7774603,216.24.57.251,192.168.1.9,443,1834,6,54,,0
1760980852.7781875,192.168.1.9,216.24.57.251,1834,443,6,54,,0
1760980852.9284997,192.168.1.9,40.79.150.120,1838,443,6,173,,0
1760980852.9295034,192.168.1.9,40.79.150.120,1838,443,6,1494,,0
1760980852.9303272,192.168.1.9,40.79.150.120,1838,443,6,1494,,0
1760980852.9310894,192.168.1.9,40.79.150.120,1838,443,6,1494,,0
1760980852.9318266,192.168.1.9,40.79.150.120,1838,443,6,1494,,0
1760980852.932532,192.168.1.9,40.79.150.120,1838,443,6,1494,,0
1760980852.9332166,192.168.1.9,40.79.150.120,1838,443,6,1494,,0
1760980852.93393,192.168.1.9,40.79.150.120,1838,443,6,1494,,0
1760980852.9346235,192.168.1.9,40.79.150.120,1838,443,6,1494,,0
1760980852.9353397,192.168.1.9,40.79.150.120,1838,443,6,1290,,0
1760980852.9417741,44.225.111.252,192.168.1.9,443,20028,6,66,,0
1760980852.942525,192.168.1.9,44.225.111.252,20028,443,6,54,,0
1760980852.943462,192.168.1.9,44.225.111.252,20028,443,6,1506,,0
1760980852.9441469,192.168.1.9,44.225.111.252,20028,443,6,546,,0
1760980853.022249,142.250.207.170,192.168.1.9,-1,-1,17,159,,0
1760980853.0397322,192.168.1.9,142.250.207.170,-1,-1,17,75,,0
1760980853.073608,192.168.1.9,239.255.255.250,-1,-1,17,179,,0
1760980853.1437933,40.79.150.120,192.168.1.9,443,1838,6,54,,0
1760980853.1458323,40.79.150.120,192.168.1.9,443,1838,6,54,,0
1760980853.1466331,40.79.150.120,192.168.1.9,443,1838,6,54,,0
1760980853.1472216,40.79.150.120,192.168.1.9,443,1838,6,54,,0
1760980853.1477685,40.79.150.120,192.168.1.9,443,1838,6,54,,0
1760980853.148721,40.79.150.120,192.168.1.9,443,1838,6,153,,0
1760980853.1736042,44.225.111.252,192.168.1.9,443,20028,6,54,,0
1760980853.17476,44.225.111.252,192.168.1.9,443,20028,6,54,,0
1760980853.1755712,44.225.111.252,192.168.1.9,443,20028,6,288,,0
1760980853.17635,192.168.1.9,44.225.111.252,20028,443,6,118,,0
1760980853.1778533,192.168.1.9,44.225.111.252,20028,443,6,146,,0
1760980853.1787248,192.168.1.9,44.225.111.252,20028,443,6,669,,0
1760980853.1794512,192.168.1.9,44.225.111.252,20028,443,6,472,,0
1760980853.190058,192.168.1.9,40.79.150.120,1838,443,6,54,,0
1760980853.4028888,44.225.111.252,192.168.1.9,443,20028,6,54,,0
1760980853.4040453,44.225.111.252,192.168.1.9,443,20028,6,233,,0
1760980853.4051886,44.225.111.252,192.168.1.9,443,20028,6,116,,0
1760980853.4059722,192.168.1.9,44.225.111.252,20028,443,6,54,,0
1760980853.4070263,44.225.111.252,192.168.1.9,443,20028,6,85,,0
1760980853.4077961,192.168.1.9,44.225.111.252,20028,443,6,85,,0
1760980853.4083667,44.225.111.252,192.168.1.9,443,20028,6,54,,0
1760980853.5373852,44.225.111.252,192.168.1.9,443,20028,6,730,,0
1760980853.538772,44.225.111.252,192.168.1.9,443,20028,6,85,,0
1760980853.5396988,192.168.1.9,44.225.111.252,20028,443,6,54,,0
1760980853.6800086,44.225.111.252,192.168.1.9,443,20028,6,54,,0
1760980854.1761718,192.168.1.9,40.79.150.120,1838,443,6,54,,0
1760980854.391552,40.79.150.120,192.168.1.9,443,1838,6,54,,0
1760980854.3921604,192.168.1.9,40.79.150.120,1838,443,6,54,,0
1760980856.0778978,192.168.1.9,239.255.255.250,-1,-1,17,179,,0
1760980856.6846948,192.168.1.9,44.225.111.252,20028,443,6,54,,0
1760980856.829681,192.168.1.9,44.225.111.252,4710,443,6,66,S,0
1760980856.9152932,44.225.111.252,192.168.1.9,443,20028,6,78,,0
1760980856.9164622,44.225.111.252,192.168.1.9,443,20028,6,54,,0
1760980856.9179275,192.168.1.9,44.225.111.252,20028,443,6,54,,0
1760980856.9891834,192.168.1.9,44.225.111.252,65506,443,6,66,S,0
1760980857.0608232,44.225.111.252,192.168.1.9,443,4710,6,66,,0
1760980857.0617828,192.168.1.9,44.225.111.252,4710,443,6,54,,0
1760980857.0628052,192.168.1.9,44.225.111.252,4710,443,6,1506,,0
1760980857.0635877,192.168.1.9,44.225.111.252,4710,443,6,514,,0
1760980857.1308506,192.168.1.9,35.186.224.40,24008,443,6,82,,0
1760980857.1474483,35.186.224.40,192.168.1.9,443,24008,6,54,,0
1760980857.2407768,44.225.111.252,192.168.1.9,443,65506,6,66,,0
1760980857.2415464,192.168.1.9,44.225.111.252,65506,443,6,54,,0
1760980857.2421947,192.168.1.9,44.225.111.252,55928,443,6,66,S,0
1760980857.2427626,192.168.1.9,44.225.111.252,65506,443,6,1506,,0
1760980857.243059,192.168.1.9,44.225.111.252,65506,443,6,578,,0
1760980857.2914648,44.225.111.252,192.168.1.9,443,4710,6,54,,0
1760980857.2917845,44.225.111.252,192.168.1.9,443,4710,6,54,,0
1760980857.2920768,44.225.111.252,192.168.1.9,443,4710,6,288,,0
1760980857.2923617,192.168.1.9,44.225.111.252,4710,443,6,118,,0
1760980857.2926226,192.168.1.9,44.225.111.252,4710,443,6,146,,0
1760980857.2929182,192.168.1.9,44.225.111.252,4710,443,6,672,,0
1760980857.2932074,192.168.1.9,44.225.111.252,4710,443,6,483,,0
1760980857.4783876,44.225.111.252,192.168.1.9,443,65506,6,54,,0
1760980857.479203,44.225.111.252,192.168.1.9,443,65506,6,288,,0
1760980857.4798474,192.168.1.9,44.225.111.252,65506,443,6,118,,0
1760980857.4801471,192.168.1.9,44.225.111.252,65506,443,6,146,,0
1760980857.4804366,192.168.1.9,44.225.111.252,65506,443,6,673,,0
1760980857.4807098,192.168.1.9,44.225.111.252,65506,443,6,448,,0
1760980857.4896817,44.225.111.252,192.168.1.9,443,55928,6,66,,0
1760980857.4900033,192.168.1.9,44.225.111.252,55928,443,6,54,,0
1760980857.4903295,192.168.1.9,44.225.111.252,55928,443,6,1506,,0
1760980857.49061,192.168.1.9,44.225.111.252,55928,443,6,610,,0
1760980857.521588,44.225.111.252,192.168.1.9,443,4710,6,54,,0
1760980857.5219615,44.225.111.252,192.168.1.9,443,4710,6,233,,0
1760980857.5222273,44.225.111.252,192.168.1.9,443,4710,6,125,,0
1760980857.5225933,192.168.1.9,44.225.111.252,4710,443,6,54,,0
1760980857.522948,192.168.1.9,44.225.111.252,4710,443,6,85,,0
1760980857.5618274,44.225.111.252,192.168.1.9,443,4710,6,729,,0
1760980857.5622232,44.225.111.252,192.168.1.9,443,4710,6,85,,0
1760980857.5624797,192.168.1.9,44.225.111.252,4710,443,6,54,,0
1760980857.7150583,44.225.111.252,192.168.1.9,443,65506,6,54,,0
1760980857.7157032,44.225.111.252,192.168.1.9,443,65506,6,233,,0
1760980857.7163029,44.225.111.252,192.168.1.9,443,65506,6,116,,0
1760980857.7170262,192.168.1.9,44.225.111.252,65506,443,6,54,,0
1760980857.7176569,44.225.111.252,192.168.1.9,443,65506,6,54,,0
1760980857.7182724,44.225.111.252,192.168.1.9,443,65506,6,85,,0
1760980857.718849,192.168.1.9,44.225.111.252,65506,443,6,85,,0
1760980857.736252,44.225.111.252,192.168.1.9,443,55928,6,54,,0
1760980857.7373812,44.225.111.252,192.168.1.9,443,55928,6,288,,0
1760980857.7381458,192.168.1.9,44.225.111.252,55928,443,6,118,,0
1760980857.7472453,44.225.111.252,192.168.1.9,443,65506,6,1506,,0
1760980857.7481885,44.225.111.252,192.168.1.9,443,65506,6,1506,,0
1760980857.7489107,44.225.111.252,192.168.1.9,443,65506,6,752,,0
1760980857.7494206,192.168.1.9,44.225.111.252,65506,443,6,54,,0
1760980857.7917898,44.225.111.252,192.168.1.9,443,4710,6,54,,0
1760980857.9832296,44.225.111.252,192.168.1.9,443,65506,6,54,,0
1760980857.984292,44.225.111.252,192.168.1.9,443,55928,6,54,,0
1760980857.9850817,44.225.111.252,192.168.1.9,443,55928,6,233,,0
1760980857.9857485,44.225.111.252,192.168.1.9,443,55928,6,116,,0
1760980857.9863265,192.168.1.9,44.225.111.252,55928,443,6,54,,0
1760980859.187572,192.168.1.9,35.186.224.24,-1,-1,17,1292,,0
1760980859.188549,192.168.1.9,35.186.224.24,-1,-1,17,1292,,0
1760980859.203492,35.186.224.24,192.168.1.9,-1,-1,17,82,,0
1760980859.2052548,35.186.224.24,192.168.1.9,-1,-1,17,1292,,0
1760980859.206309,35.186.224.24,192.168.1.9,-1,-1,17,1292,,0
1760980859.207556,192.168.1.9,35.186.224.24,-1,-1,17,208,,0
1760980859.2083929,192.168.1.9,35.186.224.24,-1,-1,17,1107,,0
1760980859.2229273,35.186.224.24,192.168.1.9,-1,-1,17,626,,0
1760980859.2241163,35.186.224.24,192.168.1.9,-1,-1,17,163,,0
1760980859.2257261,35.186.224.24,192.168.1.9,-1,-1,17,69,,0
1760980859.2264237,192.168.1.9,35.186.224.24,-1,-1,17,75,,0
1760980859.2546508,192.168.1.9,35.186.224.24,-1,-1,17,74,,0
1760980859.4306948,35.186.224.24,192.168.1.9,-1,-1,17,213,,0
1760980859.4626384,192.168.1.9,35.186.224.24,-1,-1,17,78,,0
1760980859.5043962,35.186.224.24,192.168.1.9,-1,-1,17,66,,0
1760980859.654734,192.168.1.9,142.250.76.170,55929,443,6,66,S,0
1760980859.669749,142.250.76.170,192.168.1.9,443,55929,6,66,,0
1760980859.6708596,192.168.1.9,142.250.76.170,55929,443,6,54,,0
1760980859.6716733,192.168.1.9,142.250.76.170,55929,443,6,602,,0
1760980859.6869009,142.250.76.170,192.168.1.9,443,55929,6,54,,0
1760980859.688347,142.250.76.170,192.168.1.9,443,55929,6,257,,0
1760980859.689423,192.168.1.9,142.250.76.170,55929,443,6,1466,,0
1760980859.6901789,192.168.1.9,142.250.76.170,55929,443,6,1466,,0
1760980859.6909115,192.168.1.9,142.250.76.170,55929,443,6,1466,,0
1760980859.6916273,192.168.1.9,142.250.76.170,55929,443,6,1466,,0
1760980859.6923296,192.168.1.9,142.250.76.170,55929,443,6,1466,,0
1760980859.6931531,192.168.1.9,142.250.76.170,55929,443,6,1466,,0
1760980859.6938324,192.168.1.9,142.250.76.170,55929,443,6,1466,,0
1760980859.6944664,192.168.1.9,142.250.76.170,55929,443,6,1466,,0
1760980859.6951203,192.168.1.9,142.250.76.170,55929,443,6,1466,,0
1760980859.6957338,192.168.1.9,142.250.76.170,55929,443,6,1466,,0
1760980859.703708,142.250.76.170,192.168.1.9,443,55929,6,54,,0
1760980859.704609,192.168.1.9,142.250.76.170,55929,443,6,1466,,0
1760980859.705412,192.168.1.9,142.250.76.170,55929,443,6,1466,,0
1760980859.7061265,192.168.1.9,142.250.76.170,55929,443,6,1466,,0
1760980859.7069604,192.168.1.9,142.250.76.170,55929,443,6,1466,,0
1760980859.7077305,142.250.76.170,192.168.1.9,443,55929,6,54,,0
1760980859.708581,192.168.1.9,142.250.76.170,55929,443,6,1466,,0
1760980859.709263,192.168.1.9,142.250.76.170,55929,443,6,1466,,0
1760980859.7100396,192.168.1.9,142.250.76.170,55929,443,6,1466,,0
1760980859.7107134,192.168.1.9,142.250.76.170,55929,443,6,1466,,0
1760980859.7111845,142.250.76.170,192.168.1.9,443,55929,6,54,,0
1760980859.7116017,142.250.76.170,192.168.1.9,443,55929,6,54,,0
1760980859.712212,192.168.1.9,142.250.76.170,55929,443,6,1466,,0
1760980859.712756,192.168.1.9,142.250.76.170,55929,443,6,371,,0
1760980859.713173,142.250.76.170,192.168.1.9,443,55929,6,54,,0
1760980859.7201405,142.250.76.170,192.168.1.9,443,55929,6,54,,0
1760980859.72082,142.250.76.170,192.168.1.9,443,55929,6,54,,0
1760980859.7213597,142.250.76.170,192.168.1.9,443,55929,6,54,,0
1760980859.7218707,142.250.76.170,192.168.1.9,443,55929,6,54,,0
1760980859.722338,142.250.76.170,192.168.1.9,443,55929,6,54,,0
1760980859.8025994,142.250.76.170,192.168.1.9,443,55929,6,1130,,0
1760980859.8035052,142.250.76.170,192.168.1.9,443,55929,6,81,,0
1760980859.8040671,142.250.76.170,192.168.1.9,443,55929,6,54,,0
1760980859.8046176,192.168.1.9,142.250.76.170,55929,443,6,54,,0
1760980859.805242,192.168.1.9,142.250.76.170,55929,443,6,78,,0
1760980859.8058045,192.168.1.9,142.250.76.170,55929,443,6,54,,0
1760980859.8184412,142.250.76.170,192.168.1.9,443,55929,6,54,,0
1760980859.8191545,142.250.76.170,192.168.1.9,443,55929,6,54,,0
1760980860.8120296,142.250.207.170,192.168.1.9,-1,-1,17,159,,0
1760980860.8281548,192.168.1.9,142.250.207.170,-1,-1,17,75,,0
1760980864.2083883,192.168.1.9,192.168.1.1,-1,-1,ARP,42,,0
1760980864.3771665,192.168.1.9,104.21.41.238,-1,-1,17,83,,0
1760980864.3943894,104.21.41.238,192.168.1.9,-1,-1,17,66,,0
1760980864.674308,192.168.1.9,192.168.1.1,-1,-1,17,85,,0
1760980864.6914966,192.168.1.1,192.168.1.9,-1,-1,17,161,,0
1760980864.8205836,192.168.1.9,20.213.196.214,55930,443,6,66,S,0
1760980864.900334,192.168.1.9,142.251.10.188,56291,5228,6,55,,0
1760980864.9732497,142.251.10.188,192.168.1.9,5228,56291,6,66,,0
1760980864.9744382,20.213.196.214,192.168.1.9,443,55930,6,66,,0
1760980864.975083,192.168.1.9,20.213.196.214,55930,443,6,54,,0
1760980864.9757814,192.168.1.9,20.213.196.214,55930,443,6,571,,0
1760980865.1300044,20.213.196.214,192.168.1.9,443,55930,6,153,,0
1760980865.1313164,192.168.1.9,20.213.196.214,55930,443,6,487,,0
1760980865.2880285,20.213.196.214,192.168.1.9,443,55930,6,1506,,0
1760980865.28863,20.213.196.214,192.168.1.9,443,55930,6,1506,,0
1760980865.2889953,20.213.196.214,192.168.1.9,443,55930,6,1506,,0
1760980865.2893825,20.213.196.214,192.168.1.9,443,55930,6,106,,0
1760980865.2897096,192.168.1.9,20.213.196.214,55930,443,6,54,,0
1760980865.2900589,192.168.1.9,20.213.196.214,55930,443,6,686,,0
1760980865.4438381,20.213.196.214,192.168.1.9,443,55930,6,157,,0
1760980865.444479,20.213.196.214,192.168.1.9,443,55930,6,479,,0
1760980865.4449294,192.168.1.9,20.213.196.214,55930,443,6,54,,0
1760980865.4455237,20.213.196.214,192.168.1.9,443,55930,6,81,,0
1760980865.4464157,192.168.1.9,20.213.196.214,55930,443,6,54,,0
1760980865.4471917,192.168.1.9,20.213.196.214,55930,443,6,78,,0
1760980865.447698,192.168.1.9,20.213.196.214,55930,443,6,54,,0
1760980865.6000085,20.213.196.214,192.168.1.9,443,55930,6,54,,0
1760980866.6975129,192.168.1.9,44.225.111.252,55928,443,6,54,,0
1760980866.6983392,192.168.1.9,44.225.111.252,4710,443,6,54,,0
1760980866.698896,192.168.1.9,44.225.111.252,65506,443,6,54,,0
1760980866.9266639,44.225.111.252,192.168.1.9,443,4710,6,78,,0
1760980866.9272947,44.225.111.252,192.168.1.9,443,4710,6,54,,0
1760980866.927629,192.168.1.9,44.225.111.252,4710,443,6,54,,0
1760980866.9331722,44.225.111.252,192.168.1.9,443,65506,6,78,,0
1760980866.9337738,44.225.111.252,192.168.1.9,443,65506,6,54,,0
1760980866.934346,192.168.1.9,44.225.111.252,65506,443,6,54,,0
1760980866.9425616,44.225.111.252,192.168.1.9,443,55928,6,78,,0
1760980866.9428415,44.225.111.252,192.168.1.9,443,55928,6,54,,0
1760980866.9431267,192.168.1.9,44.225.111.252,55928,443,6,54,,0
1760980869.6277137,192.168.1.9,35.186.224.22,-1,-1,17,1292,,0
1760980869.6285079,192.168.1.9,35.186.224.22,-1,-1,17,1292,,0
1760980869.6439073,35.186.224.22,192.168.1.9,-1,-1,17,82,,0
1760980869.6449425,35.186.224.22,192.168.1.9,-1,-1,17,1292,,0
1760980869.646451,35.186.224.22,192.168.1.9,-1,-1,17,1292,,0
1760980869.6474452,192.168.1.9,35.186.224.22,-1,-1,17,209,,0
1760980869.6483886,192.168.1.9,35.186.224.22,-1,-1,17,1224,,0
1760980869.6645796,35.186.224.22,192.168.1.9,-1,-1,17,626,,0
1760980869.665395,35.186.224.22,192.168.1.9,-1,-1,17,163,,0
1760980869.665991,35.186.224.22,192.168.1.9,-1,-1,17,69,,0
1760980869.6665974,192.168.1.9,35.186.224.22,-1,-1,17,74,,0
1760980869.7045507,192.168.1.9,35.186.224.22,-1,-1,17,74,,0
1760980869.908251,35.186.224.22,192.168.1.9,-1,-1,17,456,,0
1760980869.939115,192.168.1.9,35.186.224.22,-1,-1,17,78,,0
1760980869.9804547,35.186.224.22,192.168.1.9,-1,-1,17,66,,0
1760980870.8333087,192.168.1.9,192.168.1.1,-1,-1,17,98,,0
1760980870.8891363,192.168.1.1,192.168.1.9,-1,-1,17,205,,0
1760980872.4362023,192.168.1.9,192.168.1.1,-1,-1,17,85,,0
1760980872.4788082,192.168.1.1,192.168.1.9,-1,-1,17,140,,0
1760980872.8159378,192.168.1.9,192.168.1.255,-1,-1,17,86,,0
1760980873.0283256,142.250.207.170,192.168.1.9,-1,-1,17,160,,0
1760980873.0364945,192.168.1.9,142.250.207.170,-1,-1,17,75,,0
1760980873.8891616,192.168.1.1,224.0.0.22,-1,-1,2,50,,0
1760980874.5376983,192.168.1.9,35.186.224.40,37528,443,6,97,,0
1760980874.5575228,35.186.224.40,192.168.1.9,443,37528,6,54,,0
1760980874.6644666,35.186.224.40,192.168.1.9,443,37528,6,94,,0
1760980874.6707113,104.21.41.238,192.168.1.9,-1,-1,17,521,,0
1760980874.6780708,192.168.1.9,104.21.41.238,-1,-1,17,87,,0
1760980874.6944308,192.168.1.9,104.21.41.238,-1,-1,17,562,,0
1760980874.6983,192.168.1.9,104.21.41.238,-1,-1,17,535,,0
1760980874.7105877,192.168.1.9,35.186.224.40,37528,443,6,54,,0
1760980874.7134426,104.21.41.238,192.168.1.9,-1,-1,17,66,,0
1760980874.716735,104.21.41.238,192.168.1.9,-1,-1,17,66,,0
1760980874.9925418,104.21.41.238,192.168.1.9,-1,-1,17,512,,0
1760980874.9978225,192.168.1.9,104.21.41.238,-1,-1,17,87,,0
1760980875.0440044,192.168.1.9,142.250.76.170,1833,443,6,55,,0
1760980875.0589325,142.250.76.170,192.168.1.9,443,1833,6,66,,0
1760980876.0193691,192.168.1.9,142.250.76.170,1833,443,6,93,,0
1760980876.034397,142.250.76.170,192.168.1.9,443,1833,6,54,,0
1760980876.0356476,142.250.76.170,192.168.1.9,443,1833,6,93,,0
1760980876.0817378,192.168.1.9,142.250.76.170,1833,443,6,54,,0
1760980876.9851964,192.168.1.9,192.168.1.1,-1,-1,17,81,,0
1760980876.985631,192.168.1.9,192.168.1.1,-1,-1,17,81,,0
1760980877.0142417,192.168.1.1,192.168.1.9,-1,-1,17,129,,0
1760980877.0184076,192.168.1.1,192.168.1.9,-1,-1,17,154,,0
1760980877.0188508,192.168.1.9,104.26.11.31,57025,443,6,66,S,0
1760980877.021539,104.26.11.31,192.168.1.9,443,57025,6,66,,0
1760980877.0218208,192.168.1.9,104.26.11.31,57025,443,6,54,,0
1760980877.0223625,192.168.1.9,104.26.11.31,57025,443,6,1454,,0
1760980877.022736,192.168.1.9,104.26.11.31,57025,443,6,720,,0
1760980877.0245752,104.26.11.31,192.168.1.9,443,57025,6,54,,0
1760980877.0256622,104.26.11.31,192.168.1.9,443,57025,6,54,,0
1760980877.0278356,104.26.11.31,192.168.1.9,443,57025,6,1429,,0
1760980877.0286586,192.168.1.9,104.26.11.31,57025,443,6,118,,0
1760980877.028951,192.168.1.9,104.26.11.31,57025,443,6,146,,0
1760980877.0292351,192.168.1.9,104.26.11.31,57025,443,6,534,,0
1760980877.0294943,192.168.1.9,104.26.11.31,57025,443,6,322,,0
1760980877.0314445,104.26.11.31,192.168.1.9,443,57025,6,54,,0
1760980877.0317721,104.26.11.31,192.168.1.9,443,57025,6,575,,0
1760980877.0320017,192.168.1.9,104.26.11.31,57025,443,6,54,,0
1760980877.032642,192.168.1.9,104.26.11.31,57025,443,6,85,,0
1760980877.0342927,104.26.11.31,192.168.1.9,443,57025,6,54,,0
1760980877.1538823,104.26.11.31,192.168.1.9,443,57025,6,490,,0
1760980877.1544898,104.26.11.31,192.168.1.9,443,57025,6,118,,0
1760980877.154955,104.26.11.31,192.168.1.9,443,57025,6,85,,0
1760980877.1553352,192.168.1.9,104.26.11.31,57025,443,6,54,,0
1760980877.8244903,192.168.1.9,239.255.255.250,-1,-1,17,212,,0
1760980878.8297775,192.168.1.9,239.255.255.250,-1,-1,17,212,,0
1760980879.8370032,192.168.1.9,239.255.255.250,-1,-1,17,212,,0
1760980880.848473,192.168.1.9,239.255.255.250,-1,-1,17,212,,0
1760980880.8917613,142.250.207.170,192.168.1.9,-1,-1,17,160,,0
1760980880.9097743,192.168.1.9,142.250.207.170,-1,-1,17,75,,0
1760980883.5596395,192.168.1.9,44.225.111.252,55581,443,6,66,S,0
1760980883.7987452,44.225.111.252,192.168.1.9,443,55581,6,66,,0
1760980883.7993994,192.168.1.9,44.225.111.252,55581,443,6,54,,0
1760980883.8001688,192.168.1.9,44.225.111.252,55581,443,6,1506,,0
1760980883.8007972,192.168.1.9,44.225.111.252,55581,443,6,610,,0
1760980884.0402062,44.225.111.252,192.168.1.9,443,55581,6,54,,0
1760980884.041198,44.225.111.252,192.168.1.9,443,55581,6,288,,0
1760980884.0418856,192.168.1.9,44.225.111.252,55581,443,6,118,,0
1760980884.0424712,192.168.1.9,44.225.111.252,55581,443,6,146,,0
1760980884.0430796,192.168.1.9,44.225.111.252,55581,443,6,669,,0
1760980884.0436397,192.168.1.9,44.225.111.252,55581,443,6,472,,0
1760980884.2784588,44.225.111.252,192.168.1.9,443,55581,6,54,,0
1760980884.2792764,44.225.111.252,192.168.1.9,443,55581,6,233,,0
1760980884.2799761,44.225.111.252,192.168.1.9,443,55581,6,116,,0
1760980884.2805064,192.168.1.9,44.225.111.252,55581,443,6,54,,0
1760980884.2811174,192.168.1.9,44.225.111.252,55581,443,6,85,,0
1760980884.2816489,44.225.111.252,192.168.1.9,443,55581,6,54,,0
1760980884.2822175,44.225.111.252,192.168.1.9,443,55581,6,85,,0
1760980884.317895,44.225.111.252,192.168.1.9,443,55581,6,730,,0
1760980884.3185418,44.225.111.252,192.168.1.9,443,55581,6,85,,0
1760980884.3189814,192.168.1.9,44.225.111.252,55581,443,6,54,,0
1760980884.557757,44.225.111.252,192.168.1.9,443,55581,6,54,,0
1760980884.6989021,192.168.1.9,192.168.1.1,-1,-1,17,92,,0
1760980884.7000105,192.168.1.9,192.168.1.1,-1,-1,17,92,,0
1760980884.7280376,192.168.1.1,192.168.1.9,-1,-1,17,168,,0
1760980884.7408693,192.168.1.9,40.79.150.120,55582,443,6,66,S,0
1760980884.745608,192.168.1.1,192.168.1.9,-1,-1,17,165,,0
1760980884.9566526,40.79.150.120,192.168.1.9,443,55582,6,66,,0
1760980884.9572978,192.168.1.9,40.79.150.120,55582,443,6,54,,0
1760980884.958247,192.168.1.9,40.79.150.120,55582,443,6,1494,,0
1760980884.958934,192.168.1.9,40.79.150.120,55582,443,6,515,,0
1760980885.173816,40.79.150.120,192.168.1.9,443,55582,6,54,,0
1760980885.1805713,40.79.150.120,192.168.1.9,443,55582,6,153,,0
1760980885.182372,192.168.1.9,40.79.150.120,55582,443,6,801,,0
1760980885.404045,40.79.150.120,192.168.1.9,443,55582,6,1506,,0
1760980885.4044986,40.79.150.120,192.168.1.9,443,55582,6,1506,,0
1760980885.4049342,40.79.150.120,192.168.1.9,443,55582,6,1506,,0
1760980885.4053266,40.79.150.120,192.168.1.9,443,55582,6,1506,,0
1760980885.405614,40.79.150.120,192.168.1.9,443,55582,6,610,,0
1760980885.4058259,192.168.1.9,40.79.150.120,55582,443,6,54,,0
1760980885.4061182,192.168.1.9,40.79.150.120,55582,443,6,128,,0
1760980885.4063709,192.168.1.9,40.79.150.120,55582,443,6,146,,0
1760980885.4068415,192.168.1.9,40.79.150.120,55582,443,6,545,,0
1760980885.4072018,192.168.1.9,40.79.150.120,55582,443,6,1494,,0
1760980885.4079697,192.168.1.9,40.79.150.120,55582,443,6,1494,,0
1760980885.4083402,192.168.1.9,40.79.150.120,55582,443,6,1494,,0
1760980885.4087732,192.168.1.9,40.79.150.120,55582,443,6,1494,,0
1760980885.4092371,192.168.1.9,40.79.150.120,55582,443,6,1494,,0
1760980885.4095907,192.168.1.9,40.79.150.120,55582,443,6,1494,,0
1760980885.4099026,192.168.1.9,40.79.150.120,55582,443,6,1494,,0
1760980885.410202,192.168.1.9,40.79.150.120,55582,443,6,1494,,0
1760980885.410485,192.168.1.9,40.79.150.120,55582,443,6,1494,,0
1760980885.4107769,192.168.1.9,40.79.150.120,55582,443,6,1494,,0
1760980885.411043,192.168.1.9,40.79.150.120,55582,443,6,792,,0
1760980885.6203823,40.79.150.120,192.168.1.9,443,55582,6,54,,0
1760980885.6210558,40.79.150.120,192.168.1.9,443,55582,6,157,,0
1760980885.621632,40.79.150.120,192.168.1.9,443,55582,6,116,,0
1760980885.6221051,192.168.1.9,40.79.150.120,55582,443,6,54,,0
1760980885.6226652,192.168.1.9,40.79.150.120,55582,443,6,85,,0
1760980885.6232092,40.79.150.120,192.168.1.9,443,55582,6,85,,0
1760980885.6236804,40.79.150.120,192.168.1.9,443,55582,6,54,,0
1760980885.6249716,40.79.150.120,192.168.1.9,443,55582,6,54,,0
1760980885.6255276,40.79.150.120,192.168.1.9,443,55582,6,54,,0
1760980885.6261578,40.79.150.120,192.168.1.9,443,55582,6,54,,0
1760980885.6750133,192.168.1.9,40.79.150.120,55582,443,6,54,,0
1760980885.8041477,192.168.1.9,142.250.76.170,55583,443,6,66,S,0
1760980885.837741,40.79.150.120,192.168.1.9,443,55582,6,335,,0
1760980885.849006,142.250.76.170,192.168.1.9,443,55583,6,66,,0
1760980885.8497777,192.168.1.9,142.250.76.170,55583,443,6,54,,0
1760980885.8513343,192.168.1.9,142.250.76.170,55583,443,6,596,,0
1760980885.8651924,142.250.76.170,192.168.1.9,443,55583,6,54,,0
1760980885.8675988,142.250.76.170,192.168.1.9,443,55583,6,257,,0
1760980885.86843,192.168.1.9,142.250.76.170,55583,443,6,984,,0
1760980885.883209,192.168.1.9,40.79.150.120,55582,443,6,54,,0
1760980885.886068,142.250.76.170,192.168.1.9,443,55583,6,54,,0
1760980886.5841315,142.250.76.170,192.168.1.9,443,55583,6,1466,,0
1760980886.5846303,142.250.76.170,192.168.1.9,443,55583,6,139,,0
1760980886.584998,142.250.76.170,192.168.1.9,443,55583,6,81,,0
1760980886.5853167,142.250.76.170,192.168.1.9,443,55583,6,54,,0
1760980886.5856218,192.168.1.9,142.250.76.170,55583,443,6,54,,0
1760980886.5860832,192.168.1.9,142.250.76.170,55583,443,6,78,,0
1760980886.5863724,192.168.1.9,142.250.76.170,55583,443,6,54,,0
1760980886.6002922,142.250.76.170,192.168.1.9,443,55583,6,54,,0
1760980886.6007128,142.250.76.170,192.168.1.9,443,55583,6,54,,0
1760980886.7371812,192.168.1.9,44.225.111.252,55581,443,6,54,,0
1760980886.7375503,192.168.1.9,104.26.11.31,57025,443,6,54,,0
1760980886.7411675,104.26.11.31,192.168.1.9,443,57025,6,54,,0
1760980886.741419,192.168.1.9,104.26.11.31,57025,443,6,54,,0
1760980886.9764218,44.225.111.252,192.168.1.9,443,55581,6,78,,0
1760980886.9774423,44.225.111.252,192.168.1.9,443,55581,6,54,,0
1760980886.9780486,192.168.1.9,44.225.111.252,55581,443,6,54,,0
1760980887.136035,192.168.1.9,35.186.224.40,24008,443,6,82,,0
1760980887.1506596,35.186.224.40,192.168.1.9,443,24008,6,54,,0
1760980887.5797834,192.168.1.9,44.225.111.252,19335,443,6,66,S,0
1760980887.581128,192.168.1.9,35.186.224.24,-1,-1,17,1288,,0
1760980887.5814474,192.168.1.9,35.186.224.24,-1,-1,17,439,,0
1760980887.5963013,35.186.224.24,192.168.1.9,-1,-1,17,69,,0
1760980887.6264894,192.168.1.9,35.186.224.24,-1,-1,17,74,,0
1760980887.772601,192.168.1.9,44.225.111.252,13273,443,6,66,S,0
1760980887.8051257,35.186.224.24,192.168.1.9,-1,-1,17,129,,0
1760980887.813701,44.225.111.252,192.168.1.9,443,19335,6,66,,0
1760980887.81448,192.168.1.9,44.225.111.252,19335,443,6,54,,0
1760980887.8154354,192.168.1.9,44.225.111.252,19335,443,6,1506,,0
1760980887.816132,192.168.1.9,44.225.111.252,19335,443,6,514,,0
1760980887.8348684,192.168.1.9,35.186.224.24,-1,-1,17,78,,0
1760980887.8754473,35.186.224.24,192.168.1.9,-1,-1,17,66,,0
1760980888.0107205,44.225.111.252,192.168.1.9,443,13273,6,66,,0
1760980888.0117414,192.168.1.9,44.225.111.252,13273,443,6,54,,0
1760980888.0128844,192.168.1.9,44.225.111.252,13273,443,6,1506,,0
1760980888.0137863,192.168.1.9,44.225.111.252,13273,443,6,578,,0
1760980888.04733,44.225.111.252,192.168.1.9,443,19335,6,54,,0
1760980888.048247,44.225.111.252,192.168.1.9,443,19335,6,54,,0
1760980888.049067,44.225.111.252,192.168.1.9,443,19335,6,288,,0
1760980888.0499666,192.168.1.9,44.225.111.252,19335,443,6,118,,0
1760980888.0506341,192.168.1.9,44.225.111.252,19335,443,6,146,,0
1760980888.0513713,192.168.1.9,44.225.111.252,19335,443,6,672,,0
1760980888.0520618,192.168.1.9,44.225.111.252,19335,443,6,483,,0
1760980888.2488062,44.225.111.252,192.168.1.9,443,13273,6,54,,0
1760980888.2491932,44.225.111.252,192.168.1.9,443,13273,6,288,,0
1760980888.2495027,192.168.1.9,44.225.111.252,13273,443,6,118,,0
1760980888.2497988,192.168.1.9,44.225.111.252,13273,443,6,146,,0
1760980888.250074,192.168.1.9,44.225.111.252,13273,443,6,673,,0
1760980888.2503607,192.168.1.9,44.225.111.252,13273,443,6,448,,0
1760980888.2816594,44.225.111.252,192.168.1.9,443,19335,6,54,,0
1760980888.2820382,44.225.111.252,192.168.1.9,443,19335,6,233,,0
1760980888.2823124,44.225.111.252,192.168.1.9,443,19335,6,116,,0
1760980888.282551,192.168.1.9,44.225.111.252,19335,443,6,54,,0
1760980888.2827954,192.168.1.9,44.225.111.252,19335,443,6,85,,0
1760980888.283224,44.225.111.252,192.168.1.9,443,19335,6,54,,0
1760980888.2835462,44.225.111.252,192.168.1.9,443,19335,6,85,,0
1760980888.3072803,44.225.111.252,192.168.1.9,443,19335,6,730,,0
1760980888.307673,44.225.111.252,192.168.1.9,443,19335,6,85,,0
1760980888.3079185,192.168.1.9,44.225.111.252,19335,443,6,54,,0
1760980888.487432,44.225.111.252,192.168.1.9,443,13273,6,54,,0
1760980888.4878473,44.225.111.252,192.168.1.9,443,13273,6,233,,0
1760980888.4882624,44.225.111.252,192.168.1.9,443,13273,6,116,,0
1760980888.4885015,192.168.1.9,44.225.111.252,13273,443,6,54,,0
1760980888.4887629,44.225.111.252,192.168.1.9,443,13273,6,85,,0
1760980888.4890032,192.168.1.9,44.225.111.252,13273,443,6,85,,0
1760980888.4892113,44.225.111.252,192.168.1.9,443,13273,6,54,,0
1760980888.5219564,44.225.111.252,192.168.1.9,443,13273,6,550,,0
1760980888.5223048,44.225.111.252,192.168.1.9,443,13273,6,85,,0
1760980888.5225382,192.168.1.9,44.225.111.252,13273,443,6,54,,0
1760980888.562451,44.225.111.252,192.168.1.9,443,19335,6,54,,0
1760980888.760178,44.225.111.252,192.168.1.9,443,13273,6,54,,0
1760980889.2278674,192.168.1.9,40.79.150.120,55582,443,6,54,,0
1760980889.4536958,40.79.150.120,192.168.1.9,443,55582,6,54,,0
1760980889.4550838,192.168.1.9,40.79.150.120,55582,443,6,54,,0
1760980889.7046223,192.168.1.9,104.21.41.238,-1,-1,17,83,,0
1760980889.7391276,104.21.41.238,192.168.1.9,-1,-1,17,66,,0
1760980890.8222551,192.168.1.9,104.199.241.202,24009,4070,6,65,,0
1760980890.9548478,104.199.241.202,192.168.1.9,4070,24009,6,65,,0
1760980891.010462,192.168.1.9,104.199.241.202,24009,4070,6,54,,0
1760980891.3066106,192.168.1.9,192.168.1.1,-1,-1,17,85,,0
1760980891.3245683,192.168.1.1,192.168.1.9,-1,-1,17,161,,0
1760980891.624604,192.168.1.9,104.21.41.238,-1,-1,17,555,,0
1760980891.644201,104.21.41.238,192.168.1.9,-1,-1,17,66,,0
1760980891.9357698,104.21.41.238,192.168.1.9,-1,-1,17,610,,0
1760980891.9412448,192.168.1.9,104.21.41.238,-1,-1,17,87,,0
1760980892.5588381,192.168.1.9,192.168.1.1,-1,-1,17,82,,0
1760980892.5610697,192.168.1.9,192.168.1.1,-1,-1,17,82,,0
1760980892.5620644,192.168.1.9,142.250.207.170,-1,-1,17,219,,0
1760980892.5980854,142.250.207.170,192.168.1.9,-1,-1,17,71,,0
1760980892.6017418,192.168.1.1,192.168.1.9,-1,-1,17,114,,0
1760980892.603119,192.168.1.1,192.168.1.9,-1,-1,17,155,,0
1760980892.6038516,192.168.1.9,52.32.212.35,13129,443,6,66,S,0
1760980892.617098,192.168.1.9,142.250.207.170,-1,-1,17,75,,0
1760980892.7925627,192.168.1.9,192.168.1.1,-1,-1,17,85,,0
1760980892.793501,192.168.1.9,192.168.1.1,-1,-1,17,85,,0
1760980892.811639,142.250.207.170,192.168.1.9,-1,-1,17,1028,,0
1760980892.8124707,142.250.207.170,192.168.1.9,-1,-1,17,63,,0
1760980892.8170593,192.168.1.9,142.250.207.170,-1,-1,17,79,,0
1760980892.823818,192.168.1.1,192.168.1.9,-1,-1,17,139,,0
1760980892.8247902,192.168.1.1,192.168.1.9,-1,-1,17,158,,0
1760980892.8258162,192.168.1.9,35.186.224.22,-1,-1,17,1292,,0
1760980892.8262367,192.168.1.9,35.186.224.22,-1,-1,17,1292,,0
1760980892.8364878,52.32.212.35,192.168.1.9,443,13129,6,66,,0
1760980892.8370762,192.168.1.9,52.32.212.35,13129,443,6,54,,0
1760980892.8374422,192.168.1.9,52.32.212.35,13129,443,6,1506,,0
1760980892.8377366,192.168.1.9,52.32.212.35,13129,443,6,583,,0
1760980892.845374,35.186.224.22,192.168.1.9,-1,-1,17,82,,0
1760980892.8479698,35.186.224.22,192.168.1.9,-1,-1,17,1292,,0
1760980892.849848,35.186.224.22,192.168.1.9,-1,-1,17,1292,,0
1760980892.8501997,192.168.1.9,35.186.224.22,-1,-1,17,210,,0
1760980892.8505135,192.168.1.9,35.186.224.22,-1,-1,17,1228,,0
1760980892.85746,142.250.207.170,192.168.1.9,-1,-1,17,67,,0
1760980892.869593,35.186.224.22,192.168.1.9,-1,-1,17,626,,0
1760980892.870497,35.186.224.22,192.168.1.9,-1,-1,17,163,,0
1760980892.8714213,192.168.1.9,35.186.224.22,-1,-1,17,74,,0
1760980892.872558,35.186.224.22,192.168.1.9,-1,-1,17,69,,0
1760980892.9044073,192.168.1.9,35.186.224.22,-1,-1,17,74,,0
1760980893.05842,142.250.207.170,192.168.1.9,-1,-1,17,160,,0
1760980893.061981,35.186.224.22,192.168.1.9,-1,-1,17,579,,0
1760980893.065387,192.168.1.9,142.250.207.170,-1,-1,17,75,,0
1760980893.0724251,52.32.212.35,192.168.1.9,443,13129,6,54,,0
1760980893.0733566,52.32.212.35,192.168.1.9,443,13129,6,288,,0
1760980893.0739615,192.168.1.9,52.32.212.35,13129,443,6,118,,0
1760980893.0743086,192.168.1.9,52.32.212.35,13129,443,6,146,,0
1760980893.0746455,192.168.1.9,52.32.212.35,13129,443,6,1506,,0
1760980893.0749586,192.168.1.9,52.32.212.35,13129,443,6,1506,,0
1760980893.075251,192.168.1.9,52.32.212.35,13129,443,6,917,,0
1760980893.0970016,192.168.1.9,35.186.224.22,-1,-1,17,78,,0
1760980893.1377733,35.186.224.22,192.168.1.9,-1,-1,17,66,,0
1760980893.3074532,52.32.212.35,192.168.1.9,443,13129,6,116,,0
1760980893.3078322,52.32.212.35,192.168.1.9,443,13129,6,54,,0
1760980893.3081398,52.32.212.35,192.168.1.9,443,13129,6,233,,0
1760980893.3084064,192.168.1.9,52.32.212.35,13129,443,6,66,,0
1760980893.3086402,192.168.1.9,52.32.212.35,13129,443,6,54,,0
1760980893.3091273,192.168.1.9,52.32.212.35,13129,443,6,85,,0
1760980893.309733,52.32.212.35,192.168.1.9,443,13129,6,85,,0
1760980893.310264,52.32.212.35,192.168.1.9,443,13129,6,54,,0
1760980893.3542228,192.168.1.9,52.32.212.35,13129,443,6,54,,0
1760980893.3819778,52.32.212.35,192.168.1.9,443,13129,6,1201,,0
1760980893.3827462,52.32.212.35,192.168.1.9,443,13129,6,85,,0
1760980893.3833215,192.168.1.9,52.32.212.35,13129,443,6,54,,0
1760980893.5830116,52.32.212.35,192.168.1.9,443,13129,6,54,,0
1760980895.9572878,192.168.1.9,192.168.1.1,-1,-1,ARP,42,,0
1760980896.745425,192.168.1.9,52.32.212.35,13129,443,6,54,,0
1760980896.745927,192.168.1.9,44.225.111.252,19335,443,6,54,,0
1760980896.7461407,192.168.1.9,44.225.111.252,13273,443,6,54,,0
1760980896.979773,44.225.111.252,192.168.1.9,443,19335,6,78,,0
1760980896.9804077,44.225.111.252,192.168.1.9,443,19335,6,54,,0
1760980896.9808903,192.168.1.9,44.225.111.252,19335,443,6,54,,0
1760980896.981501,52.32.212.35,192.168.1.9,443,13129,6,78,,0
1760980896.982042,52.32.212.35,192.168.1.9,443,13129,6,54,,0
1760980896.9823484,192.168.1.9,52.32.212.35,13129,443,6,54,,0
1760980896.984717,44.225.111.252,192.168.1.9,443,13273,6,78,,0
1760980896.9850798,44.225.111.252,192.168.1.9,443,13273,6,54,,0
1760980896.9853883,192.168.1.9,44.225.111.252,13273,443,6,54,,0
1760980897.690769,192.168.1.9,192.168.1.1,-1,-1,17,99,,0
1760980897.708618,192.168.1.1,192.168.1.9,-1,-1,17,203,,0
1760980897.7089646,192.168.1.9,140.82.113.21,13130,443,6,66,S,0
1760980897.9675567,192.168.1.9,140.82.114.21,13131,443,6,66,S,0
1760980897.9723642,140.82.113.21,192.168.1.9,443,13130,6,66,,0
1760980898.209349,140.82.114.21,192.168.1.9,443,13131,6,66,,0
1760980898.2096565,192.168.1.9,140.82.114.21,13131,443,6,54,,0
1760980898.2099872,192.168.1.9,140.82.114.21,13131,443,6,571,,0
1760980898.454401,192.168.1.9,192.168.1.1,-1,-1,17,85,,0
1760980898.4561205,140.82.114.21,192.168.1.9,443,13131,6,1490,,0
1760980898.4564793,140.82.114.21,192.168.1.9,443,13131,6,1490,,0
1760980898.4567802,140.82.114.21,192.168.1.9,443,13131,6,1268,,0
1760980898.4571264,192.168.1.9,140.82.114.21,13131,443,6,54,,0
1760980898.4587765,192.168.1.9,140.82.114.21,13131,443,6,1490,,0
1760980898.4591472,192.168.1.9,140.82.114.21,13131,443,6,1485,,0
1760980898.4738488,192.168.1.1,192.168.1.9,-1,-1,17,161,,0
1760980898.700267,140.82.114.21,192.168.1.9,443,13131,6,133,,0
1760980898.7007196,140.82.114.21,192.168.1.9,443,13131,6,133,,0
1760980898.7009878,192.168.1.9,140.82.114.21,13131,443,6,54,,0
1760980898.7416053,140.82.114.21,192.168.1.9,443,13131,6,54,,0
1760980898.9959736,140.82.113.21,192.168.1.9,443,13130,6,66,,0
1760980899.997852,104.21.41.238,192.168.1.9,-1,-1,17,520,,0
1760980900.002523,192.168.1.9,104.21.41.238,-1,-1,17,87,,0
1760980900.0103936,192.168.1.9,104.21.41.238,-1,-1,17,562,,0
1760980900.012956,192.168.1.9,104.21.41.238,-1,-1,17,535,,0
1760980900.025548,104.21.41.238,192.168.1.9,-1,-1,17,66,,0
1760980900.0285747,104.21.41.238,192.168.1.9,-1,-1,17,66,,0
1760980900.1347642,140.82.114.21,192.168.1.9,443,13131,6,643,,0
1760980900.1360078,140.82.114.21,192.168.1.9,443,13131,6,78,,0
1760980900.1372838,192.168.1.9,140.82.114.21,13131,443,6,54,,0
1760980900.1384215,192.168.1.9,140.82.114.21,13131,443,6,78,,0
1760980900.1392484,192.168.1.9,140.82.114.21,13131,443,6,54,,0
1760980900.3047266,104.21.41.238,192.168.1.9,-1,-1,17,511,,0
1760980900.3143022,192.168.1.9,104.21.41.238,-1,-1,17,87,,0
1760980900.377425,140.82.114.21,192.168.1.9,443,13131,6,54,,0
1760980900.8989022,142.250.207.170,192.168.1.9,-1,-1,17,160,,0
1760980900.90886,192.168.1.9,142.250.207.170,-1,-1,17,75,,0
1760980901.0082674,140.82.113.21,192.168.1.9,443,13130,6,66,,0
1760980901.3035078,192.168.1.9,192.168.1.1,-1,-1,17,73,,0
1760980901.3046827,192.168.1.9,192.168.1.1,-1,-1,17,73,,0
1760980901.3554924,192.168.1.1,192.168.1.9,-1,-1,17,153,,0
1760980901.358137,192.168.1.1,192.168.1.9,-1,-1,17,146,,0
1760980901.3592505,192.168.1.9,157.90.91.75,7572,443,6,66,S,0
1760980901.581217,157.90.91.75,192.168.1.9,443,7572,6,66,,0
1760980901.5823007,192.168.1.9,157.90.91.75,7572,443,6,54,,0
1760980901.5862699,192.168.1.9,157.90.91.75,7572,443,6,1506,,0
1760980901.58743,192.168.1.9,157.90.91.75,7572,443,6,648,,0
1760980901.806066,157.90.91.75,192.168.1.9,443,7572,6,54,,0
1760980901.807109,157.90.91.75,192.168.1.9,443,7572,6,1506,,0
1760980901.8079424,157.90.91.75,192.168.1.9,443,7572,6,1506,,0
1760980901.8087156,157.90.91.75,192.168.1.9,443,7572,6,1246,,0
1760980901.809375,157.90.91.75,192.168.1.9,443,7572,6,186,,0
1760980901.809871,192.168.1.9,157.90.91.75,7572,443,6,54,,0
1760980901.8104577,192.168.1.9,157.90.91.75,7572,443,6,134,,0
1760980901.8176706,192.168.1.9,157.90.91.75,7572,443,6,847,,0
1760980902.0279424,157.90.91.75,192.168.1.9,443,7572,6,349,,0
1760980902.0287097,157.90.91.75,192.168.1.9,443,7572,6,349,,0
1760980902.029282,192.168.1.9,157.90.91.75,7572,443,6,54,,0
1760980902.0381963,157.90.91.75,192.168.1.9,443,7572,6,347,,0
1760980902.0389457,157.90.91.75,192.168.1.9,443,7572,6,78,,0
1760980902.0395067,192.168.1.9,157.90.91.75,7572,443,6,54,,0
1760980902.0402539,157.90.91.75,192.168.1.9,443,7572,6,1324,,0
1760980902.0409617,157.90.91.75,192.168.1.9,443,7572,6,1506,,0
1760980902.0416758,157.90.91.75,192.168.1.9,443,7572,6,1506,,0
1760980902.0423622,157.90.91.75,192.168.1.9,443,7572,6,1506,,0
1760980902.0428483,192.168.1.9,157.90.91.75,7572,443,6,54,,0
1760980902.043544,157.90.91.75,192.168.1.9,443,7572,6,1327,,0
1760980902.0442455,157.90.91.75,192.168.1.9,443,7572,6,1506,,0
1760980902.0447292,192.168.1.9,157.90.91.75,7572,443,6,54,,0
1760980902.053635,192.168.1.9,157.90.91.75,7572,443,6,82,,0
1760980902.2485847,157.90.91.75,192.168.1.9,443,7572,6,813,,0
1760980902.2896435,192.168.1.9,157.90.91.75,7572,443,6,54,,0
1760980902.3136013,157.90.91.75,192.168.1.9,443,7572,6,54,,0
1760980902.3245585,192.168.1.9,157.90.91.75,25493,443,6,66,S,0
1760980902.5346904,157.90.91.75,192.168.1.9,443,25493,6,66,,0
1760980902.535474,192.168.1.9,157.90.91.75,25493,443,6,54,,0
1760980902.5363448,192.168.1.9,157.90.91.75,25493,443,6,1506,,0
1760980902.5370061,192.168.1.9,157.90.91.75,25493,443,6,692,,0
1760980902.747285,157.90.91.75,192.168.1.9,443,25493,6,54,,0
1760980902.7476494,157.90.91.75,192.168.1.9,443,25493,6,308,,0
1760980902.7479296,192.168.1.9,157.90.91.75,25493,443,6,134,,0
1760980902.7481663,192.168.1.9,157.90.91.75,25493,443,6,146,,0
1760980902.7484138,192.168.1.9,157.90.91.75,25493,443,6,343,,0
1760980902.817775,192.168.1.9,192.168.1.255,-1,-1,17,86,,0
1760980902.9575446,157.90.91.75,192.168.1.9,443,25493,6,349,,0
1760980902.9582748,157.90.91.75,192.168.1.9,443,25493,6,373,,0
1760980902.9588733,157.90.91.75,192.168.1.9,443,25493,6,118,,0
1760980902.959201,192.168.1.9,157.90.91.75,25493,443,6,66,,0
1760980902.959634,192.168.1.9,157.90.91.75,25493,443,6,54,,0
1760980902.9602382,192.168.1.9,157.90.91.75,25493,443,6,85,,0
1760980902.997803,192.168.1.9,157.90.91.75,7572,443,6,181,,0
1760980903.208877,157.90.91.75,192.168.1.9,443,25493,6,54,,0
1760980903.2180238,157.90.91.75,192.168.1.9,443,7572,6,54,,0
1760980905.5519762,192.168.1.9,35.186.224.40,37528,443,6,97,,0
1760980905.567455,35.186.224.40,192.168.1.9,443,37528,6,54,,0
1760980905.6784663,35.186.224.40,192.168.1.9,443,37528,6,94,,0
1760980905.725242,192.168.1.9,35.186.224.40,37528,443,6,54,,0
1760980906.044559,192.168.1.9,142.250.76.170,1833,443,6,55,,0
1760980906.0584958,142.250.76.170,192.168.1.9,443,1833,6,66,,0
1760980907.0351882,192.168.1.9,142.250.76.170,1833,443,6,93,,0
1760980907.0505006,142.250.76.170,192.168.1.9,443,1833,6,54,,0
1760980907.0508704,142.250.76.170,192.168.1.9,443,1833,6,93,,0
1760980907.0909355,192.168.1.9,142.250.76.170,1833,443,6,54,,0
1760980907.100522,192.168.1.1,192.168.1.255,-1,-1,17,130,,0
1760980907.101288,192.168.1.1,192.168.1.255,-1,-1,17,131,,0
1760980907.1020129,192.168.1.1,192.168.1.255,-1,-1,17,130,,0
1760980907.1027358,192.168.1.1,192.168.1.255,-1,-1,17,131,,0
1760980907.6085637,192.168.1.9,192.168.1.1,-1,-1,17,98,,0
1760980907.6484263,192.168.1.1,192.168.1.9,-1,-1,17,205,,0
1760980909.045394,192.168.1.9,192.168.1.1,-1,-1,17,110,,0
1760980909.0476358,192.168.1.1,192.168.1.9,-1,-1,1,138,,0
1760980909.9777298,192.168.1.9,142.251.10.188,56291,5228,6,55,,0
1760980910.0524359,142.251.10.188,192.168.1.9,5228,56291,6,66,,0
1760980910.552515,192.168.1.9,192.168.1.1,-1,-1,17,110,,0
1760980910.554629,192.168.1.1,192.168.1.9,-1,-1,1,138,,0
1760980912.0563655,192.168.1.9,192.168.1.1,-1,-1,17,110,,0
1760980912.0594337,192.168.1.1,192.168.1.9,-1,-1,1,138,,0
1760980913.1582148,142.250.207.170,192.168.1.9,-1,-1,17,160,,0
1760980913.1676044,192.168.1.9,142.250.207.170,-1,-1,17,75,,0
1760980914.3395329,192.168.1.9,44.225.111.252,56597,443,6,66,S,0
1760980914.5815618,44.225.111.252,192.168.1.9,443,56597,6,66,,0
1760980914.5825968,192.168.1.9,44.225.111.252,56597,443,6,54,,0
1760980914.5835783,192.168.1.9,44.225.111.252,56597,443,6,1506,,0
1760980914.584334,192.168.1.9,44.225.111.252,56597,443,6,514,,0
1760980914.8356636,44.225.111.252,192.168.1.9,443,56597,6,54,,0
1760980914.8364365,44.225.111.252,192.168.1.9,443,56597,6,288,,0
1760980914.8371315,192.168.1.9,44.225.111.252,56597,443,6,118,,0
1760980914.8377314,192.168.1.9,44.225.111.252,56597,443,6,146,,0
1760980914.8383775,192.168.1.9,44.225.111.252,56597,443,6,669,,0
1760980914.8390124,192.168.1.9,44.225.111.252,56597,443,6,472,,0
1760980915.013441,192.168.1.9,104.21.41.238,-1,-1,17,83,,0
1760980915.0296652,104.21.41.238,192.168.1.9,-1,-1,17,66,,0
1760980915.118102,44.225.111.252,192.168.1.9,443,56597,6,54,,0
1760980915.1184957,44.225.111.252,192.168.1.9,443,56597,6,233,,0
1760980915.1187768,44.225.111.252,192.168.1.9,443,56597,6,116,,0
1760980915.1189961,44.225.111.252,192.168.1.9,443,56597,6,54,,0
1760980915.1192596,44.225.111.252,192.168.1.9,443,56597,6,85,,0
1760980915.1195047,192.168.1.9,44.225.111.252,56597,443,6,54,,0
1760980915.1197596,192.168.1.9,44.225.111.252,56597,443,6,85,,0
1760980915.1678832,44.225.111.252,192.168.1.9,443,56597,6,730,,0
1760980915.1683023,44.225.111.252,192.168.1.9,443,56597,6,85,,0
1760980915.16854,192.168.1.9,44.225.111.252,56597,443,6,54,,0
1760980915.402987,44.225.111.252,192.168.1.9,443,56597,6,54,,0
1760980916.7680428,192.168.1.9,44.225.111.252,56597,443,6,54,,0
1760980916.7687757,192.168.1.9,157.90.91.75,25493,443,6,54,,0
1760980916.979662,157.90.91.75,192.168.1.9,443,25493,6,78,,0
1760980916.9808772,157.90.91.75,192.168.1.9,443,25493,6,54,,0
1760980916.9815102,192.168.1.9,157.90.91.75,25493,443,6,54,,0
1760980917.0087018,44.225.111.252,192.168.1.9,443,56597,6,78,,0
1760980917.0096717,44.225.111.252,192.168.1.9,443,56597,6,54,,0
1760980917.010369,192.168.1.9,44.225.111.252,56597,443,6,54,,0
1760980917.018672,192.168.1.9,40.79.150.120,56598,443,6,66,S,0
1760980917.1470692,192.168.1.9,35.186.224.40,24008,443,6,82,,0
1760980917.163105,35.186.224.40,192.168.1.9,443,24008,6,54,,0
1760980917.2353563,40.79.150.120,192.168.1.9,443,56598,6,66,,0
1760980917.2363112,192.168.1.9,40.79.150.120,56598,443,6,54,,0
1760980917.237212,192.168.1.9,40.79.150.120,56598,443,6,1494,,0
1760980917.237941,192.168.1.9,40.79.150.120,56598,443,6,515,,0
1760980917.453622,40.79.150.120,192.168.1.9,443,56598,6,54,,0
1760980917.4551914,40.79.150.120,192.168.1.9,443,56598,6,153,,0
1760980917.4570765,192.168.1.9,40.79.150.120,56598,443,6,801,,0
1760980917.676102,40.79.150.120,192.168.1.9,443,56598,6,1506,,0
1760980917.677046,40.79.150.120,192.168.1.9,443,56598,6,1506,,0
1760980917.6785722,40.79.150.120,192.168.1.9,443,56598,6,1506,,0
1760980917.6794891,40.79.150.120,192.168.1.9,443,56598,6,1506,,0
1760980917.6809711,40.79.150.120,192.168.1.9,443,56598,6,610,,0
1760980917.6820285,192.168.1.9,40.79.150.120,56598,443,6,54,,0
1760980917.6827736,192.168.1.9,40.79.150.120,56598,443,6,128,,0
1760980917.6832643,192.168.1.9,40.79.150.120,56598,443,6,146,,0
1760980917.68392,192.168.1.9,40.79.150.120,56598,443,6,544,,0
1760980917.6845908,192.168.1.9,40.79.150.120,56598,443,6,1494,,0
1760980917.6851118,192.168.1.9,40.79.150.120,56598,443,6,1494,,0
1760980917.685613,192.168.1.9,40.79.150.120,56598,443,6,1494,,0
1760980917.6860957,192.168.1.9,40.79.150.120,56598,443,6,1494,,0
1760980917.6865375,192.168.1.9,40.79.150.120,56598,443,6,1494,,0
1760980917.6869786,192.168.1.9,40.79.150.120,56598,443,6,1494,,0
1760980917.6873848,192.168.1.9,40.79.150.120,56598,443,6,1494,,0
1760980917.6877468,192.168.1.9,40.79.150.120,56598,443,6,581,,0
1760980917.8948524,40.79.150.120,192.168.1.9,443,56598,6,54,,0
1760980917.8960586,40.79.150.120,192.168.1.9,443,56598,6,54,,0
1760980917.899613,40.79.150.120,192.168.1.9,443,56598,6,157,,0
1760980917.900055,40.79.150.120,192.168.1.9,443,56598,6,54,,0
1760980917.900342,40.79.150.120,192.168.1.9,443,56598,6,54,,0
1760980917.9006474,40.79.150.120,192.168.1.9,443,56598,6,116,,0
1760980917.9008892,192.168.1.9,40.79.150.120,56598,443,6,54,,0
1760980917.90115,192.168.1.9,40.79.150.120,56598,443,6,85,,0
1760980918.096344,192.168.1.9,192.168.1.1,-1,-1,17,110,,0
1760980918.0993743,192.168.1.1,192.168.1.9,-1,-1,1,138,,0
1760980918.1148875,40.79.150.120,192.168.1.9,443,56598,6,366,,0
1760980918.1623468,192.168.1.9,40.79.150.120,56598,443,6,54,,0
1760980918.3309586,192.168.1.9,44.225.111.252,18865,443,6,66,S,0
1760980918.5463343,192.168.1.9,44.225.111.252,55228,443,6,66,S,0
1760980918.5696445,44.225.111.252,192.168.1.9,443,18865,6,66,,0
1760980918.5706224,192.168.1.9,44.225.111.252,18865,443,6,54,,0
1760980918.5714781,192.168.1.9,44.225.111.252,18865,443,6,1506,,0
1760980918.5722978,192.168.1.9,44.225.111.252,18865,443,6,514,,0
1760980918.7825053,44.225.111.252,192.168.1.9,443,55228,6,66,,0
1760980918.7848368,192.168.1.9,44.225.111.252,55228,443,6,54,,0
1760980918.7858124,192.168.1.9,44.225.111.252,55228,443,6,1506,,0
1760980918.7865858,192.168.1.9,44.225.111.252,55228,443,6,578,,0
1760980918.8077908,44.225.111.252,192.168.1.9,443,18865,6,54,,0
1760980918.808476,44.225.111.252,192.168.1.9,443,18865,6,54,,0
1760980918.8091607,44.225.111.252,192.168.1.9,443,18865,6,288,,0
1760980918.8097975,192.168.1.9,44.225.111.252,18865,443,6,118,,0
1760980918.8104064,192.168.1.9,44.225.111.252,18865,443,6,146,,0
1760980918.811026,192.168.1.9,44.225.111.252,18865,443,6,672,,0
1760980918.8121939,192.168.1.9,44.225.111.252,18865,443,6,483,,0
1760980919.0210044,44.225.111.252,192.168.1.9,443,55228,6,54,,0
1760980919.0213556,44.225.111.252,192.168.1.9,443,55228,6,288,,0
1760980919.0216205,192.168.1.9,44.225.111.252,55228,443,6,118,,0
1760980919.0218523,192.168.1.9,44.225.111.252,55228,443,6,146,,0
1760980919.0221133,192.168.1.9,44.225.111.252,55228,443,6,673,,0
1760980919.0223753,192.168.1.9,44.225.111.252,55228,443,6,448,,0
1760980919.0471947,44.225.111.252,192.168.1.9,443,18865,6,54,,0
1760980919.0475967,44.225.111.252,192.168.1.9,443,18865,6,233,,0
1760980919.0478878,44.225.111.252,192.168.1.9,443,18865,6,125,,0
1760980919.0481203,192.168.1.9,44.225.111.252,18865,443,6,54,,0
1760980919.0483956,192.168.1.9,44.225.111.252,18865,443,6,85,,0
1760980919.2088368,44.225.111.252,192.168.1.9,443,18865,6,730,,0
1760980919.2100954,44.225.111.252,192.168.1.9,443,18865,6,85,,0
1760980919.2107375,192.168.1.9,44.225.111.252,18865,443,6,54,,0
1760980919.2603915,44.225.111.252,192.168.1.9,443,55228,6,54,,0
1760980919.2614522,44.225.111.252,192.168.1.9,443,55228,6,233,,0
1760980919.2622519,44.225.111.252,192.168.1.9,443,55228,6,125,,0
1760980919.2628677,192.168.1.9,44.225.111.252,55228,443,6,54,,0
1760980919.2634425,192.168.1.9,44.225.111.252,55228,443,6,85,,0
1760980919.2758825,192.168.1.9,40.79.150.120,56598,443,6,54,,0
1760980919.3335397,44.225.111.252,192.168.1.9,443,18865,6,54,,0
1760980919.3344302,44.225.111.252,192.168.1.9,443,55228,6,549,,0
1760980919.3351495,44.225.111.252,192.168.1.9,443,55228,6,85,,0
1760980919.3356583,192.168.1.9,44.225.111.252,55228,443,6,54,,0
1760980919.4958887,40.79.150.120,192.168.1.9,443,56598,6,54,,0
1760980919.4972968,192.168.1.9,40.79.150.120,56598,443,6,54,,0
1760980919.5443408,44.225.111.252,192.168.1.9,443,55228,6,54,,0
1760980919.5987186,192.168.1.9,192.168.1.1,-1,-1,17,110,,0
1760980919.6010277,192.168.1.1,192.168.1.9,-1,-1,1,138,,0
1760980919.8347218,192.168.1.9,142.250.76.170,55229,443,6,66,S,0
1760980919.8497553,142.250.76.170,192.168.1.9,443,55229,6,66,,0
1760980919.8504734,192.168.1.9,142.250.76.170,55229,443,6,54,,0
1760980919.851196,192.168.1.9,142.250.76.170,55229,443,6,602,,0
1760980919.86521,142.250.76.170,192.168.1.9,443,55229,6,54,,0
1760980919.867015,142.250.76.170,192.168.1.9,443,55229,6,257,,0
1760980919.8682609,192.168.1.9,142.250.76.170,55229,443,6,1466,,0
1760980919.8693013,192.168.1.9,142.250.76.170,55229,443,6,1466,,0
1760980919.8703225,192.168.1.9,142.250.76.170,55229,443,6,1466,,0
1760980919.8711011,192.168.1.9,142.250.76.170,55229,443,6,1466,,0
1760980919.8718438,192.168.1.9,142.250.76.170,55229,443,6,1466,,0
1760980919.8725505,192.168.1.9,142.250.76.170,55229,443,6,1466,,0
1760980919.8731606,192.168.1.9,142.250.76.170,55229,443,6,279,,0
1760980919.884972,142.250.76.170,192.168.1.9,443,55229,6,54,,0
1760980919.8862405,142.250.76.170,192.168.1.9,443,55229,6,54,,0
1760980919.8870516,142.250.76.170,192.168.1.9,443,55229,6,54,,0
1760980919.9571335,142.250.76.170,192.168.1.9,443,55229,6,1130,,0
1760980919.9581132,142.250.76.170,192.168.1.9,443,55229,6,81,,0
1760980919.9590876,142.250.76.170,192.168.1.9,443,55229,6,54,,0
1760980919.9597323,192.168.1.9,142.250.76.170,55229,443,6,54,,0
1760980919.960389,192.168.1.9,142.250.76.170,55229,443,6,78,,0
1760980919.9609618,192.168.1.9,142.250.76.170,55229,443,6,54,,0
1760980919.9803662,142.250.76.170,192.168.1.9,443,55229,6,54,,0
1760980919.9812307,142.250.76.170,192.168.1.9,443,55229,6,54,,0
1760980920.9565783,142.250.207.170,192.168.1.9,-1,-1,17,160,,0
1760980920.9709537,192.168.1.9,142.250.207.170,-1,-1,17,75,,0
1760980921.112463,192.168.1.9,192.168.1.1,-1,-1,17,110,,0
1760980921.1138477,192.168.1.1,192.168.1.9,-1,-1,1,138,,0
1760980921.5661645,192.168.1.9,142.250.192.67,-1,-1,17,1292,,0
1760980921.5665822,192.168.1.9,142.250.192.67,-1,-1,17,1292,,0
1760980921.5669081,192.168.1.9,142.250.192.67,-1,-1,17,1292,,0
1760980921.567699,192.168.1.9,142.250.192.67,-1,-1,17,123,,0
1760980921.567991,192.168.1.9,142.250.192.67,-1,-1,17,549,,0
1760980921.5812159,142.250.192.67,192.168.1.9,-1,-1,17,82,,0
1760980921.5817387,142.250.192.67,192.168.1.9,-1,-1,17,82,,0
1760980921.5824623,142.250.192.67,192.168.1.9,-1,-1,17,1292,,0
1760980921.582976,142.250.192.67,192.168.1.9,-1,-1,17,1292,,0
1760980921.583483,142.250.192.67,192.168.1.9,-1,-1,17,1292,,0
1760980921.5841024,142.250.192.67,192.168.1.9,-1,-1,17,339,,0
1760980921.584593,142.250.192.67,192.168.1.9,-1,-1,17,986,,0
1760980921.5850704,142.250.192.67,192.168.1.9,-1,-1,17,67,,0
1760980921.5854633,142.250.192.67,192.168.1.9,-1,-1,17,64,,0
1760980921.5859883,192.168.1.9,142.250.192.67,-1,-1,17,1292,,0
1760980921.5864203,192.168.1.9,142.250.192.67,-1,-1,17,73,,0
1760980921.5999782,142.250.192.67,192.168.1.9,-1,-1,17,162,,0
1760980921.600603,192.168.1.9,142.250.192.67,-1,-1,17,73,,0
1760980921.6478703,142.250.192.67,192.168.1.9,-1,-1,17,537,,0
1760980921.6482897,142.250.192.67,192.168.1.9,-1,-1,17,64,,0
1760980921.6485896,192.168.1.9,142.250.192.67,-1,-1,17,77,,0
1760980921.6643844,142.250.192.67,192.168.1.9,-1,-1,17,65,,0
1760980923.5196352,192.168.1.9,224.0.0.251,-1,-1,17,87,,0
1760980924.0469823,192.168.1.9,239.255.255.250,-1,-1,17,167,,0
1760980925.3033102,104.21.41.238,192.168.1.9,-1,-1,17,518,,0
1760980925.304296,104.21.41.238,192.168.1.9,-1,-1,17,69,,0
1760980925.3097699,192.168.1.9,104.21.41.238,-1,-1,17,87,,0
1760980925.337713,192.168.1.9,104.21.41.238,-1,-1,17,562,,0
1760980925.3451746,192.168.1.9,104.21.41.238,-1,-1,17,535,,0
1760980925.3519297,104.21.41.238,192.168.1.9,-1,-1,17,66,,0
1760980925.3606915,104.21.41.238,192.168.1.9,-1,-1,17,66,,0
1760980925.6324403,104.21.41.238,192.168.1.9,-1,-1,17,513,,0
1760980925.6394124,192.168.1.9,104.21.41.238,-1,-1,17,87,,0
1760980926.5862005,192.168.1.9,192.168.1.1,-1,-1,ARP,42,,0
1760980927.1385605,192.168.1.9,192.168.1.1,-1,-1,17,110,,0
1760980927.140587,192.168.1.1,192.168.1.9,-1,-1,1,138,,0
1760980927.9738927,192.168.1.9,224.0.0.251,-1,-1,17,96,,0
1760980928.6516795,192.168.1.9,192.168.1.1,-1,-1,17,110,,0
1760980928.6545467,192.168.1.1,192.168.1.9,-1,-1,1,138,,0
1760980929.3874345,192.168.1.9,40.79.150.120,55230,443,6,66,S,0
1760980929.6020393,40.79.150.120,192.168.1.9,443,55230,6,66,,0
1760980929.6027813,192.168.1.9,40.79.150.120,55230,443,6,54,,0
1760980929.603714,192.168.1.9,40.79.150.120,55230,443,6,1494,,0
1760980929.604453,192.168.1.9,40.79.150.120,55230,443,6,515,,0
1760980929.7204714,192.168.1.9,40.79.150.120,55231,443,6,66,S,0
1760980929.8178701,40.79.150.120,192.168.1.9,443,55230,6,54,,0
1760980929.8194811,40.79.150.120,192.168.1.9,443,55230,6,153,,0
1760980929.8203566,192.168.1.9,40.79.150.120,55230,443,6,801,,0
1760980929.9375596,40.79.150.120,192.168.1.9,443,55231,6,66,,0
1760980929.938168,192.168.1.9,40.79.150.120,55231,443,6,54,,0
1760980929.938894,192.168.1.9,40.79.150.120,55231,443,6,571,,0
1760980930.0369647,40.79.150.120,192.168.1.9,443,55230,6,1506,,0
1760980930.0379727,40.79.150.120,192.168.1.9,443,55230,6,1506,,0
1760980930.0387995,40.79.150.120,192.168.1.9,443,55230,6,1506,,0
1760980930.0395885,40.79.150.120,192.168.1.9,443,55230,6,1506,,0
1760980930.0403402,40.79.150.120,192.168.1.9,443,55230,6,610,,0
1760980930.0408974,192.168.1.9,40.79.150.120,55230,443,6,54,,0
1760980930.0416093,192.168.1.9,40.79.150.120,55230,443,6,128,,0
1760980930.0422502,192.168.1.9,40.79.150.120,55230,443,6,146,,0
1760980930.0428615,192.168.1.9,40.79.150.120,55230,443,6,544,,0
1760980930.0435617,192.168.1.9,40.79.150.120,55230,443,6,1494,,0
1760980930.044264,192.168.1.9,40.79.150.120,55230,443,6,1494,,0
1760980930.044938,192.168.1.9,40.79.150.120,55230,443,6,1494,,0
1760980930.0455267,192.168.1.9,40.79.150.120,55230,443,6,457,,0
1760980930.1527033,192.168.1.9,192.168.1.1,-1,-1,17,110,,0
1760980930.15426,192.168.1.1,192.168.1.9,-1,-1,1,138,,0
1760980930.1558654,40.79.150.120,192.168.1.9,443,55231,6,153,,0
1760980930.1574283,192.168.1.9,40.79.150.120,55231,443,6,491,,0
1760980930.2535598,40.79.150.120,192.168.1.9,443,55230,6,157,,0
1760980930.2545323,40.79.150.120,192.168.1.9,443,55230,6,116,,0
1760980930.255127,40.79.150.120,192.168.1.9,443,55230,6,54,,0
1760980930.2556493,192.168.1.9,40.79.150.120,55230,443,6,54,,0
1760980930.2561107,192.168.1.9,40.79.150.120,55230,443,6,85,,0
1760980930.2565677,40.79.150.120,192.168.1.9,443,55230,6,85,,0
1760980930.2570755,40.79.150.120,192.168.1.9,443,55230,6,54,,0
1760980930.3026705,192.168.1.9,40.79.150.120,55230,443,6,54,,0
1760980930.376763,40.79.150.120,192.168.1.9,443,55231,6,1506,,0
1760980930.3778236,40.79.150.120,192.168.1.9,443,55231,6,1506,,0
1760980930.3786178,40.79.150.120,192.168.1.9,443,55231,6,1506,,0
1760980930.3793962,40.79.150.120,192.168.1.9,443,55231,6,187,,0
1760980930.380074,192.168.1.9,40.79.150.120,55231,443,6,54,,0
1760980930.3806798,192.168.1.9,40.79.150.120,55231,443,6,1494,,0
1760980930.381233,192.168.1.9,40.79.150.120,55231,443,6,1494,,0
1760980930.3823683,192.168.1.9,40.79.150.120,55231,443,6,1079,,0
1760980930.4686627,40.79.150.120,192.168.1.9,443,55230,6,335,,0
1760980930.5181758,192.168.1.9,40.79.150.120,55230,443,6,54,,0
1760980930.596691,40.79.150.120,192.168.1.9,443,55231,6,157,,0
1760980930.5976698,40.79.150.120,192.168.1.9,443,55231,6,54,,0
1760980930.5994291,40.79.150.120,192.168.1.9,443,55231,6,519,,0
1760980930.6005795,192.168.1.9,40.79.150.120,55231,443,6,54,,0
1760980930.6016028,192.168.1.9,40.79.150.120,55231,443,6,78,,0
1760980930.60229,192.168.1.9,40.79.150.120,55231,443,6,54,,0
1760980930.8157914,40.79.150.120,192.168.1.9,443,55231,6,54,,0
1760980932.6064126,192.168.1.9,57.144.169.33,23999,443,6,108,,0
1760980932.6095307,57.144.169.33,192.168.1.9,443,23999,6,54,,0
1760980932.8275836,192.168.1.9,192.168.1.255,-1,-1,17,86,,0
1760980933.1579154,142.250.207.170,192.168.1.9,-1,-1,17,160,,0
1760980933.1635833,192.168.1.9,142.250.207.170,-1,-1,17,75,,0
1760980933.320647,192.168.1.9,57.144.169.33,23999,443,6,84,,0
1760980933.322923,57.144.169.33,192.168.1.9,443,23999,6,54,,0
1760980935.0189266,192.168.1.9,142.250.76.170,1833,443,6,78,,0
1760980935.0193114,192.168.1.9,142.250.76.170,1833,443,6,54,,0
1760980935.0342126,142.250.76.170,192.168.1.9,443,1833,6,54,,0
1760980935.0345323,192.168.1.9,142.250.76.170,1833,443,6,54,,0
